{"assets/cfg/._app_settings.json":["assets/cfg/._app_settings.json"],"assets/cfg/app_settings.json":["assets/cfg/app_settings.json"],"packages/cupertino_icons/assets/CupertinoIcons.ttf":["packages/cupertino_icons/assets/CupertinoIcons.ttf"],"packages/growerp_core/images/about.png":["packages/growerp_core/images/about.png"],"packages/growerp_core/images/aboutGrey.png":["packages/growerp_core/images/aboutGrey.png"],"packages/growerp_core/images/accounting.png":["packages/growerp_core/images/accounting.png"],"packages/growerp_core/images/accountingGrey.png":["packages/growerp_core/images/accountingGrey.png"],"packages/growerp_core/images/addImage.png":["packages/growerp_core/images/addImage.png"],"packages/growerp_core/images/categories.png":["packages/growerp_core/images/categories.png"],"packages/growerp_core/images/categoriesGrey.png":["packages/growerp_core/images/categoriesGrey.png"],"packages/growerp_core/images/category.png":["packages/growerp_core/images/category.png"],"packages/growerp_core/images/categoryGrey.png":["packages/growerp_core/images/categoryGrey.png"],"packages/growerp_core/images/chat.png":["packages/growerp_core/images/chat.png"],"packages/growerp_core/images/chatGrey.png":["packages/growerp_core/images/chatGrey.png"],"packages/growerp_core/images/company.png":["packages/growerp_core/images/company.png"],"packages/growerp_core/images/companyGrey.png":["packages/growerp_core/images/companyGrey.png"],"packages/growerp_core/images/crm.png":["packages/growerp_core/images/crm.png"],"packages/growerp_core/images/crmGrey.png":["packages/growerp_core/images/crmGrey.png"],"packages/growerp_core/images/dashBoard.png":["packages/growerp_core/images/dashBoard.png"],"packages/growerp_core/images/dashBoardGrey.png":["packages/growerp_core/images/dashBoardGrey.png"],"packages/growerp_core/images/export.png":["packages/growerp_core/images/export.png"],"packages/growerp_core/images/favicon-32x32.png":["packages/growerp_core/images/favicon-32x32.png"],"packages/growerp_core/images/growerp.jpg":["packages/growerp_core/images/growerp.jpg"],"packages/growerp_core/images/growerp.png":["packages/growerp_core/images/growerp.png"],"packages/growerp_core/images/growerp100.png":["packages/growerp_core/images/growerp100.png"],"packages/growerp_core/images/growerp1024x500.jpg":["packages/growerp_core/images/growerp1024x500.jpg"],"packages/growerp_core/images/growerp50x50.jpg":["packages/growerp_core/images/growerp50x50.jpg"],"packages/growerp_core/images/growerp512x512.png":["packages/growerp_core/images/growerp512x512.png"],"packages/growerp_core/images/growerpAppstore.png":["packages/growerp_core/images/growerpAppstore.png"],"packages/growerp_core/images/growerpDark.jpg":["packages/growerp_core/images/growerpDark.jpg"],"packages/growerp_core/images/growerpDark100.png":["packages/growerp_core/images/growerpDark100.png"],"packages/growerp_core/images/growerpPlaystore.png":["packages/growerp_core/images/growerpPlaystore.png"],"packages/growerp_core/images/info.png":["packages/growerp_core/images/info.png"],"packages/growerp_core/images/infoGrey.png":["packages/growerp_core/images/infoGrey.png"],"packages/growerp_core/images/myInfo.png":["packages/growerp_core/images/myInfo.png"],"packages/growerp_core/images/myInfoGrey.png":["packages/growerp_core/images/myInfoGrey.png"],"packages/growerp_core/images/order.png":["packages/growerp_core/images/order.png"],"packages/growerp_core/images/orderGrey.png":["packages/growerp_core/images/orderGrey.png"],"packages/growerp_core/images/personInfo.png":["packages/growerp_core/images/personInfo.png"],"packages/growerp_core/images/products.png":["packages/growerp_core/images/products.png"],"packages/growerp_core/images/productsGrey.png":["packages/growerp_core/images/productsGrey.png"],"packages/growerp_core/images/report.png":["packages/growerp_core/images/report.png"],"packages/growerp_core/images/reportGrey.png":["packages/growerp_core/images/reportGrey.png"],"packages/growerp_core/images/search.png":["packages/growerp_core/images/search.png"],"packages/growerp_core/images/select.png":["packages/growerp_core/images/select.png"],"packages/growerp_core/images/selectGrey.png":["packages/growerp_core/images/selectGrey.png"],"packages/growerp_core/images/setup.png":["packages/growerp_core/images/setup.png"],"packages/growerp_core/images/setupGrey.png":["packages/growerp_core/images/setupGrey.png"],"packages/growerp_core/images/supplier.png":["packages/growerp_core/images/supplier.png"],"packages/growerp_core/images/supplierGrey.png":["packages/growerp_core/images/supplierGrey.png"],"packages/growerp_core/images/up-arrow.png":["packages/growerp_core/images/up-arrow.png"],"packages/growerp_core/images/users.png":["packages/growerp_core/images/users.png"],"packages/growerp_core/images/usersGrey.png":["packages/growerp_core/images/usersGrey.png"]}